accuracy,precision,recall,f1_score,roc_auc,fold
0.3,0.2857142857142857,0.5,0.36363636363636365,0.20833333333333334,0
0.7,0.6,0.75,0.6666666666666666,0.8333333333333334,1
0.6,0.0,0.0,0.0,0.6666666666666666,2
0.4,0.42857142857142855,0.6,0.5,0.52,3
0.7,1.0,0.4,0.5714285714285714,0.8,4
0.4,0.4444444444444444,0.8,0.5714285714285714,0.6000000000000001,5
0.4,0.42857142857142855,0.6,0.5,0.52,6
0.6,0.5555555555555556,1.0,0.7142857142857143,0.52,7
