accuracy,precision,recall,f1_score,roc_auc
0.6,0.5555555555555556,1.0,0.7142857142857143,0.52
