accuracy,precision,recall,f1_score,roc_auc
0.3,0.2857142857142857,0.5,0.36363636363636365,0.20833333333333334
