accuracy,precision,recall,f1_score,roc_auc
0.7,0.6,0.75,0.6666666666666666,0.8333333333333334
