accuracy,precision,recall,f1_score,roc_auc
0.4,0.4444444444444444,0.8,0.5714285714285714,0.6000000000000001
