accuracy,precision,recall,f1_score,roc_auc,fold
0.4,0.4,1.0,0.5714285714285714,0.7083333333333334,0
0.6,0.0,0.0,0.0,0.7083333333333333,1
0.5,0.42857142857142855,0.75,0.5454545454545454,0.41666666666666663,2
0.5,0.0,0.0,0.0,0.44,3
0.5,0.0,0.0,0.0,0.24000000000000002,4
0.5,0.5,1.0,0.6666666666666666,0.88,5
0.5,0.5,1.0,0.6666666666666666,0.8400000000000001,6
0.7,1.0,0.4,0.5714285714285714,0.52,7
