accuracy,precision,recall,f1_score,roc_auc
0.5,0.42857142857142855,0.75,0.5454545454545454,0.41666666666666663
