accuracy,precision,recall,f1_score,roc_auc
0.4,0.4,1.0,0.5714285714285714,0.7083333333333334
