accuracy,precision,recall,f1_score,roc_auc
0.5,0.3333333333333333,0.1111111111111111,0.16666666666666666,0.595959595959596
