accuracy,precision,recall,f1_score,roc_auc,fold
0.6,0.0,0.0,0.0,0.7083333333333333,0
0.6,0.0,0.0,0.0,0.0,1
0.7,1.0,0.25,0.4,0.5833333333333334,2
0.4,0.0,0.0,0.0,0.56,3
0.6,1.0,0.2,0.3333333333333333,0.6799999999999999,4
0.5,0.5,0.4,0.4444444444444444,0.64,5
0.5,0.5,0.8,0.6153846153846154,0.8,6
0.6,0.5555555555555556,1.0,0.7142857142857143,0.52,7
