accuracy,precision,recall,f1_score,roc_auc
0.6,1.0,0.2,0.3333333333333333,0.6799999999999999
