accuracy,precision,recall,f1_score,roc_auc
0.5133333333333333,0.0,0.0,0.0,0.47180217043230743
