accuracy,precision,recall,f1_score,roc_auc
0.5133333333333333,0.5,0.0136986301369863,0.02666666666666667,0.5555950898416652
