accuracy,precision,recall,f1_score,roc_auc
0.5133333333333333,0.5,0.6438356164383562,0.562874251497006,0.5434975982921189
