accuracy,precision,recall,f1_score,roc_auc
0.5066666666666667,0.0,0.0,0.0,0.48023504273504275
