{
    "cnn_filters": 128,
    "cnn_kernel": 3,
    "lstm_units": 256,
    "dropout_rate": 0.3049189214404465,
    "recurrent_dropout": 0.16712692083313338,
    "learning_rate": 0.00019214949434160717,
    "batch_size": 256
}